-- phpMyAdmin SQL Dump
-- version 4.6.6deb5
-- https://www.phpmyadmin.net/
--
-- Host: localhost:3306
-- Generation Time: Apr 01, 2019 at 09:41 AM
-- Server version: 5.7.25-0ubuntu0.18.04.2
-- PHP Version: 7.2.15-0ubuntu0.18.04.2

SET SQL_MODE = "NO_AUTO_VALUE_ON_ZERO";
SET time_zone = "+00:00";


/*!40101 SET @OLD_CHARACTER_SET_CLIENT=@@CHARACTER_SET_CLIENT */;
/*!40101 SET @OLD_CHARACTER_SET_RESULTS=@@CHARACTER_SET_RESULTS */;
/*!40101 SET @OLD_COLLATION_CONNECTION=@@COLLATION_CONNECTION */;
/*!40101 SET NAMES utf8mb4 */;

--
-- Database: `kwbm_02`
--

-- --------------------------------------------------------

--
-- Table structure for table `category_tbl`
--

CREATE TABLE `category_tbl` (
  `cat_ID` int(11) NOT NULL,
  `cat_name` varchar(25) NOT NULL,
  `cat_label` varchar(25) NOT NULL,
  `cat_count` int(11) NOT NULL
) ENGINE=InnoDB DEFAULT CHARSET=utf8;

--
-- Dumping data for table `category_tbl`
--

INSERT INTO `category_tbl` (`cat_ID`, `cat_name`, `cat_label`, `cat_count`) VALUES
(1, 'BeActive', 'Be Active', 4),
(2, 'TakeTimeOut', 'Take Time Out', 6),
(3, 'EatWell', 'Eat Well', 10),
(4, 'Connect', 'Connect', 5),
(5, 'BeSupported', 'Be Supported', 3),
(6, 'Showers', 'Showers', 4),
(7, 'WaterDispenser', 'Water Dispenser', 10),
(8, 'Medical', 'Medical', 18),
(9, 'RunningRoute', 'Running Route Information', 11);

-- --------------------------------------------------------

--
-- Table structure for table `event_sub`
--

CREATE TABLE `event_sub` (
  `esub_ID` int(11) NOT NULL,
  `loc_ID` int(11) NOT NULL,
  `esub_title` varchar(50) NOT NULL,
  `esub_description` text NOT NULL,
  `esub_date` date NOT NULL,
  `esub_time` varchar(20) NOT NULL
) ENGINE=InnoDB DEFAULT CHARSET=utf8;

--
-- Dumping data for table `event_sub`
--

INSERT INTO `event_sub` (`esub_ID`, `loc_ID`, `esub_title`, `esub_description`, `esub_date`, `esub_time`) VALUES
(6, 1, 'Test Event', 'The is a test event', '2019-11-13', '11:00 - 12:00');

-- --------------------------------------------------------

--
-- Table structure for table `event_tbl`
--

CREATE TABLE `event_tbl` (
  `event_ID` int(11) NOT NULL,
  `loc_ID` int(11) NOT NULL,
  `event_title` varchar(50) NOT NULL,
  `event_description` text NOT NULL,
  `event_date` date NOT NULL,
  `event_time` varchar(20) NOT NULL
) ENGINE=InnoDB DEFAULT CHARSET=utf8;

--
-- Dumping data for table `event_tbl`
--

INSERT INTO `event_tbl` (`event_ID`, `loc_ID`, `event_title`, `event_description`, `event_date`, `event_time`) VALUES
(1, 25, 'Test Event', 'This is a test', '2019-03-30', '19:30 - 21:00');

-- --------------------------------------------------------

--
-- Table structure for table `location_sub`
--

CREATE TABLE `location_sub` (
  `lsub_ID` int(11) NOT NULL,
  `cat_ID` int(11) NOT NULL,
  `lsub_title` varchar(50) NOT NULL,
  `lsub_description` varchar(250) NOT NULL,
  `lsub_longitude` double NOT NULL,
  `lsub_latitude` double NOT NULL
) ENGINE=InnoDB DEFAULT CHARSET=utf8;

--
-- Dumping data for table `location_sub`
--

INSERT INTO `location_sub` (`lsub_ID`, `cat_ID`, `lsub_title`, `lsub_description`, `lsub_longitude`, `lsub_latitude`) VALUES
(9, 1, 'Test Locaton', 'Test Location', -2.2778558911012112, 53.00433518906365);

-- --------------------------------------------------------

--
-- Table structure for table `location_tbl`
--

CREATE TABLE `location_tbl` (
  `loc_ID` int(11) NOT NULL,
  `cat_ID` int(11) NOT NULL,
  `loc_title` varchar(50) NOT NULL,
  `loc_description` varchar(250) NOT NULL,
  `loc_longitude` double NOT NULL,
  `loc_latitude` double NOT NULL
) ENGINE=InnoDB DEFAULT CHARSET=utf8;

--
-- Dumping data for table `location_tbl`
--

INSERT INTO `location_tbl` (`loc_ID`, `cat_ID`, `loc_title`, `loc_description`, `loc_longitude`, `loc_latitude`) VALUES
(1, 1, 'Sports Centre', '', -2.2757658336861084, 53.005183954373194),
(2, 1, 'Tennis Court', '', -2.2779213613230525, 53.00560395987483),
(3, 1, 'Football Pitch', '', -2.277148094290709, 53.00603602507374),
(4, 1, 'Table Tennis', '', -2.270751561935896, 53.002405533388725),
(5, 2, 'Library', '', -2.2723383071318324, 53.00124846468),
(6, 2, 'Art Gallery', '', -2.2743118212059983, 53.003372381529346),
(7, 2, 'Observtory', '', -2.267380547681114, 53.004270600468004),
(8, 2, 'Walled Garden', '', -2.27368671056621, 53.000380233251605),
(9, 2, 'Lakes & Gardens', '', -2.2690490880260654, 52.999320686923426),
(10, 2, 'Woodland Walks', '', -2.266503631956482, 52.999105070267774),
(11, 3, 'Farmers Market', '', -2.2709462642518474, 53.002245211091804),
(12, 3, 'Chancellor\'s', 'Bistro, Refectory, Atrium Street Food, Grab & Go', -2.273662480526582, 53.00347538125246),
(13, 3, 'Lindsay Café Bar', '', -2.275993263403535, 53.000111372781475),
(14, 3, 'Student Union', 'Munch, Coffee House, Stone Willy\'s, Starbucks', -2.2704712214541303, 53.00241655635904),
(15, 3, 'KPA', '', -2.269762607546795, 53.001372749153745),
(16, 3, 'Keele Hall', '', -2.269804077272795, 53.000082665663115),
(17, 3, 'Costa', '', -2.2710988261297302, 53.00189210690007),
(18, 3, 'David Weatherall Cafe', '', -2.26650999785997, 53.0063314584489),
(19, 3, 'On The Square', '', -2.271270095132877, 53.00164797607937),
(20, 3, 'Costcutter', '', -2.2711569853188394, 53.001808578764155),
(21, 4, 'The Sty', 'Barnes Common Room', -2.2706790099982754, 53.005696313634644),
(22, 4, 'The Hexagon', 'Lindsay Common Room', -2.275521311812696, 53.00030997259614),
(23, 4, 'The Cross', 'Holly Cross & Oaks Common Room', -2.279963600464157, 53.001424844443164),
(24, 4, 'Keele SU Volunteering', '', -2.270755488934242, 53.00210177333125),
(25, 4, 'Chapel', '', -2.2722712004075447, 53.00221071706065),
(26, 5, 'Student Services', '01782 734481 | student.services@keele.ac.uk ', -2.272848833012546, 53.00306780282148),
(27, 5, 'Counselling', '01782 734187 | counselling@keele.ac.uk\r\n ', -2.2751518902232135, 53.00418528584282),
(28, 5, 'Advice and Support (ASK)', 'su.ask@keele.ac.uk ', -2.2702821333019756, 53.00243045515026),
(29, 6, 'David Weatherall ', 'Shower\'s', -2.26625620666897, 53.00639119381708),
(30, 6, 'Hornbeam Building', 'Shower\'s', -2.2738051446914085, 53.002546250882375),
(31, 6, 'Lennard-Jones Laboratories', 'Shower\'s', -2.2757242752707043, 53.00224434785969),
(32, 6, 'Sports Centre', 'Shower\'s', -2.276333801314678, 53.0049039389219),
(33, 7, 'Sports Centre', 'Water Dispenser', -2.2753963981226946, 53.00498029624134),
(34, 7, 'Library', 'Water Dispenser', -2.2720424116353684, 53.00114991762243),
(35, 7, 'Keele Hall', 'Water Dispenser', -2.270015617107788, 53.00030699145927),
(36, 7, 'Lindsay Hall', 'Water Dispenser', -2.2759245321195465, 53.00019110056999),
(37, 7, 'William Smith Building', 'Water Dispenser', -2.274352536700178, 53.001703097468635),
(38, 7, 'Lennard-Jones Laboratories', 'Water Dispenser', -2.276242822554792, 53.0021896184457),
(39, 7, 'Chancellor\'s Building', 'Water Dispenser', -2.273607991312929, 53.00292319734561),
(40, 7, 'Walter Moberly Building', 'Water Dispenser', -2.2728923963628347, 53.00238690927276),
(41, 7, 'Student Union Building', 'Water Dispenser', -2.270414052033061, 53.00232463484619),
(42, 7, 'David Weatherall', 'Water Dispenser', -2.2666987042454707, 53.00644269075366),
(43, 8, 'David Weatherall', 'Defibrillator 1', -2.2669161230043073, 53.00645568000118),
(44, 8, 'David Weatherall', 'Defibrillator  2', -2.266521636591932, 53.00620344302615),
(45, 8, 'David Weatherall', 'Defibrillator 3', -2.2659905396722877, 53.0060325065939),
(46, 8, 'Sports Centre', 'Defibrillator', -2.2757354997176265, 53.00498623735166),
(47, 8, 'Day Nursery', 'Defibrillator', -2.2705557204106697, 53.00413441843915),
(48, 8, 'Chancellor\'s Building', 'Defibrillator', -2.2734645403298828, 53.00325633809999),
(49, 8, 'Mackey Building', 'Defibrillator', -2.275277835715656, 53.00298836854648),
(50, 8, 'Darwin Building', 'Defibrillator', -2.2703245018785765, 53.0030086395667),
(51, 8, 'Jack Ashley Building', 'Defibrillator', -2.27543359646225, 53.00265893021344),
(52, 8, 'Hornbeam Building', 'Defibrillator', -2.273774930934678, 53.002442359323595),
(53, 8, 'Lennard-Jones Laboratories', 'Defibrillator', -2.2760756136498514, 53.00210871657001),
(54, 8, 'Student Union', 'Defibrillator', -2.2704794937591544, 53.002236317548096),
(55, 8, 'Huxley Building', 'Defibrillator', -2.275124461567259, 53.001673192670864),
(56, 8, 'William Smith Building', 'Defibrillator', -2.2738700745679807, 53.001756298614595),
(57, 8, 'Library', 'Defibrillator', -2.272044282607027, 53.001333488067274),
(58, 8, 'Health Centre', 'Defibrillator', -2.2670964225385433, 53.0005663948335),
(59, 8, 'Keele Hall', 'Defibrillator', -2.270023177622136, 52.99989993599104);

-- --------------------------------------------------------

--
-- Table structure for table `runroute_sub`
--

CREATE TABLE `runroute_sub` (
  `rrsub_ID` int(11) NOT NULL,
  `cat_ID` int(11) NOT NULL,
  `rrsub_name` varchar(50) NOT NULL,
  `rrsub_description` varchar(250) NOT NULL,
  `rrsub_length` varchar(100) NOT NULL,
  `rrsub_route` text NOT NULL,
  `rrsub_startpoint` text NOT NULL,
  `rrsub_colour` varchar(10) NOT NULL
) ENGINE=InnoDB DEFAULT CHARSET=utf8;

--
-- Dumping data for table `runroute_sub`
--

INSERT INTO `runroute_sub` (`rrsub_ID`, `cat_ID`, `rrsub_name`, `rrsub_description`, `rrsub_length`, `rrsub_route`, `rrsub_startpoint`, `rrsub_colour`) VALUES
(6, 9, 'Test Route', 'This is a test route', '0.93 miles (1.49km)', '-2.268124358024181,53.00476497873072&-2.2733814876932854,53.00449382327116&-2.276170985068859,53.002673163927085&-2.272372977103231,53.00191130496208&-2.26896120723913,53.00315093303135&-2.2704847019545014,53.00392568249978&-2.268360392418714,53.00393859487076&-2.2681672733679363,53.0043776132658', '-2.268124358024181,53.00476497873072,', '#00ffd4');

-- --------------------------------------------------------

--
-- Table structure for table `runroute_tbl`
--

CREATE TABLE `runroute_tbl` (
  `rr_ID` int(11) NOT NULL,
  `cat_ID` int(11) NOT NULL,
  `rr_name` varchar(50) NOT NULL,
  `rr_description` varchar(250) NOT NULL,
  `rr_length` varchar(100) NOT NULL,
  `rr_route` text NOT NULL,
  `rr_startpoint` text NOT NULL,
  `rr_colour` varchar(10) NOT NULL
) ENGINE=InnoDB DEFAULT CHARSET=utf8;

--
-- Dumping data for table `runroute_tbl`
--

INSERT INTO `runroute_tbl` (`rr_ID`, `cat_ID`, `rr_name`, `rr_description`, `rr_length`, `rr_route`, `rr_startpoint`, `rr_colour`) VALUES
(1, 9, 'Barnes', 'Start & Finish is at Post Box on University Drive at Barnes', '1.66 miles (2.67 km)', '-2.269178012831901,53.00516925578762&-2.2680561575562876,53.00546747782127&-2.2678058778133448,53.00552053457787&-2.2676311676664795,53.005558761741156&-2.2673063993059657,53.0056444561761&-2.267254219833319,53.00568005013966&-2.2671847506695997,53.00569572592377&-2.26710659785266,53.00568318529787&-2.267056891295084,53.00565976161678&-2.2666696006810128,53.00562841002147&-2.266364695889706,53.00562162429793&-2.2658417437593528,53.00556543150259&-2.265595831744662,53.005576670065835&-2.265489996198454,53.005582289346364&-2.2654090631316706,53.00562349739235&-2.265321904443283,53.00563286285069&-2.265225407325971,53.0055972740964&-2.2651756876852005,53.00554659799835&-2.264058188793541,53.00540611562039&-2.263995932544958,53.00543046598983&-2.263899435427703,53.00543046598983&-2.2638434048403155,53.005400496372886&-2.263823171575126,53.00537614604505&-2.263820058760814,53.005348049496746&-2.260609742460616,53.004940362778626&-2.2614559750610397,53.00250355655737&-2.261508689226929,53.0024176395884&-2.2616061126492752,53.00231015552626&-2.261747251740502,53.00224325968401&-2.2618783986578137,53.002188390007205&-2.2620185854155466,53.00215247458195&-2.263595385063212,53.00179190748557&-2.264488966691829,53.00329694857288&-2.264530609612649,53.003425462077985&-2.2645424965819814,53.003529898463654&-2.2645092130788385,53.00368941971658&-2.2639753305586225,53.00528561944961&-2.264032174903008,53.005300748842615&-2.2640584107467703,53.005317851626444&-2.2652231113497123,53.005478274597294&-2.265269988151573,53.0054573388322&-2.2653147095197994,53.005447077926476&-2.2653828080383676,53.005447689530996&-2.265436677019977,53.005461144841775&-2.2654763150546557,53.005482582664&-2.2658417437593528,53.00556543150259&-2.266364695889706,53.00562162429793&-2.2666696006810128,53.00562841002147&-2.2670472138054265,53.00557970726612&-2.2670982807219957,53.00553689672165&-2.2671967912778825,53.00551996028102&-2.267288265364357,53.00554959904716&-2.2676311676664795,53.005558761741156&-2.2678058778133448,53.00552053457787&-2.2680561575562876,53.00546747782127&-2.269178012831901,53.00516925578762', '-2.269178012831901,53.00516925578762', '#f7373c'),
(2, 9, 'Holly Cross/Oaks', 'Start & finish by the signpost for Holly Cross/Oaks', '3.94 miles (6.4 km)', '-2.2808590429957007,53.001910463706594&-2.280809947397728,53.00217700319513&-2.282481254702901,53.00232047465218&-2.2842905830841573,53.00241473301128&-2.2851406471288556,53.0025432111139&-2.2856506680167854,53.002747054026145&-2.2861442904581395,53.00301758281955&-2.2869895134436717,53.00353279120364&-2.2868832716872873,53.00366065631687&-2.2863023416348085,53.00350787275207&-2.2859541047762377,53.003443940014506&-2.285599965603751,53.00338711083987&-2.284991198960455,53.00332305333646&-2.2844245762817934,53.00329463868087&-2.284141264942491,53.00330529417786&-2.283533326033364,53.00341895267178&-2.2828946146629505,53.00359768175716&-2.280526733027756,53.00523324222979&-2.2772768154804055,53.007203218380624&-2.2771295328797976,53.00740199221042&-2.276408694668703,53.00736554628023&-2.275282733783456,53.00736144019098&-2.27443236097929,53.00741594142903&-2.2727536556573966,53.00752680554206&-2.2719649319190864,53.00751319616617&-2.26922168174778,53.00736537723739&-2.269337380879506,53.00710285454008&-2.269719251836604,53.006799001085284&-2.2704019257213304,53.00648282697435&-2.2712071584141142,53.006209765691466&-2.2715585946927206,53.00605372987215&-2.2720123911192047,53.005756028409365&-2.2725534165927854,53.00546346866312&-2.272771784770981,53.005323855282114&-2.272898028907946,53.00514315574213&-2.273003800989926,53.00485982012944&-2.2730061942594375,53.00463148053868&-2.2728167779850708,53.004357780287165&-2.2725048455478145,53.004073682759696&-2.271847258251995,53.003556214604345&-2.271608735888094,53.00345765703403&-2.271531403023573,53.00348040813421&-2.2714729737524237,53.003474203291546&-2.2714334480670004,53.00345455461351&-2.2714231370209177,53.00344731562217&-2.271294122904777,53.00348873185294&-2.2706190336980683,53.00373309607423&-2.2702631100829365,53.00387365255628&-2.2700821036260095,53.00402130972279&-2.2699942093601635,53.00416796224894&-2.269950262472207,53.00458227290673&-2.2699222961136627,53.00470728658357&-2.269790454755679,53.00487076543493&-2.2696745941312884,53.00496933328111&-2.2695147863694842,53.00505347638668&-2.2691845587740715,53.00517446695807&-2.268042257424696,53.00547181056558&-2.2676311676664795,53.005558761741156&-2.2673063993059657,53.0056444561761&-2.267254219833319,53.00568005013966&-2.2671847506695997,53.00569572592377&-2.26710659785266,53.00568318529787&-2.267056891295084,53.00565976161678&-2.2666696006810128,53.00562841002147&-2.266364695889706,53.00562162429793&-2.2658417437593528,53.00556543150259&-2.265595831744662,53.005576670065835&-2.265489996198454,53.005582289346364&-2.2654090631316706,53.00562349739235&-2.265321904443283,53.00563286285069&-2.265225407325971,53.0055972740964&-2.2651756876852005,53.00554659799835&-2.264058188793541,53.00540611562039&-2.263995932544958,53.00543046598983&-2.263899435427703,53.00543046598983&-2.2638434048403155,53.005400496372886&-2.263823171575126,53.00537614604505&-2.263820058760814,53.005348049496746&-2.260609742460616,53.004940362778626&-2.2614559750610397,53.00250355655737&-2.261508689226929,53.0024176395884&-2.2616061126492752,53.00231015552626&-2.261747251740502,53.00224325968401&-2.2618783986578137,53.002188390007205&-2.2620185854155466,53.00215247458195&-2.263595385063212,53.00179190748557&-2.2619495524135402,52.99904437833834&-2.2618754643299894,52.998965491266034&-2.2616329238221624,52.998813281537025&-2.261579732381506,52.99883043097253&-2.2615132430848917,52.998829287675505&-2.2614581519517287,52.99880985164705&-2.2614277568378895,52.99876297648345&-2.2614467537798078,52.99872067446108&-2.261475249192614,52.99870238168165&-2.261526540940821,52.998686375493605&-2.2615645348330986,52.998687518794384&-2.261612027187823,52.99869666518694&-2.261657941442138,52.99873062332938&-2.2616682115565254,52.9987701809861&-2.2616329238221624,52.998813281537025&-2.2618754643299894,52.998965491266034&-2.2619495524135402,52.99904437833834&-2.263595385063212,53.00179190748557&-2.264488966691829,53.00329694857288&-2.264530609612649,53.003425462077985&-2.2645424965819814,53.003529898463654&-2.2645092130788385,53.00368941971658&-2.2639753305586225,53.00528561944961&-2.264032174903008,53.005300748842615&-2.2640584107467703,53.005317851626444&-2.2652231113497123,53.005478274597294&-2.265269988151573,53.0054573388322&-2.2653147095197994,53.005447077926476&-2.2653828080383676,53.005447689530996&-2.265436677019977,53.005461144841775&-2.2654763150546557,53.005482582664&-2.2658417437593528,53.00556543150259&-2.266364695889706,53.00562162429793&-2.2666696006810128,53.00562841002147&-2.2670472138054265,53.00557970726612&-2.2670982807219957,53.00553689672165&-2.2671967912778825,53.00551996028102&-2.267288265364357,53.00554959904716&-2.2676311676664795,53.005558761741156&-2.2678058778133448,53.00552053457787&-2.2680561575562876,53.00546747782127&-2.2691845587740715,53.00517446695807&-2.2695147863694842,53.00505347638668&-2.2696745941312884,53.00496933328111&-2.269790454755679,53.00487076543493&-2.2699222961136627,53.00470728658357&-2.269950262472207,53.00458227290673&-2.2699942093601635,53.00416796224894&-2.2700821036260095,53.00402130972279&-2.2702631100829365,53.00387365255628&-2.2706190336980683,53.00373309607423&-2.271294122904777,53.00348873185294&-2.2714231370209177,53.00344731562217&-2.2714037501513076,53.003405365724035&-2.271418959272637,53.003373332426094&-2.271464586690996,53.003345875296986&-2.2715304929739943,53.003338248309035&-2.271591329540911,53.003350451489126&-2.2716369569592416,53.003388586380055&-2.2716344221011298,53.0034282466319&-2.271608735888094,53.00345765703403&-2.271847258251995,53.003556214604345&-2.2725048455478145,53.004073682759696&-2.2728167779850708,53.004357780287165&-2.2730061942594375,53.00463148053868&-2.2731467187467445,53.00461316657589&-2.273232903867296,53.00458265952798&-2.273303879866461,53.00454605104687&-2.2737297357801367,53.004250131317065&-2.273820990616855,53.00420894645336&-2.2739432516721934,53.00419645018718&-2.2745783308730267,53.004220016086066&-2.2748150182497113,53.00418566607323&-2.274943885436727,53.00414780144678&-2.2753191339069474,53.003936954561226&-2.2761805110143314,53.00351526104757&-2.2765422202639627,53.00336500630172&-2.2769418897769356,53.003097640835676&-2.2771728394399986,53.0028924808737&-2.2772564212183397,53.00274026478891&-2.2772861437441634,53.002609835474686&-2.2772069610093126,53.00237290604829&-2.277275146135537,53.00224716085191&-2.2774362695467687,53.00183600473525&-2.279129917589131,53.00202147956793&-2.280809947397728,53.00217700319513', '-2.2808590429957007,53.001910463706594', '#f6cd4b'),
(3, 9, 'Horwood', 'Running Routes A, Starts & Finishes at the Post Box on Keele Hall Road by Horwood', '2 miles (3.2 km)', '-2.270133965541163,53.00140781094768&-2.269940037886613,53.00155921362327&-2.2698202651332338,53.00163129200803&-2.2695027519100393,53.00207445875438&-2.269372343942308,53.002067035188105&-2.269189067878017,53.002078700790065&-2.269013733595557,53.00208312929655&-2.268733151282305,53.00205011382181&-2.2685231064391473,53.00197464978484&-2.26825617812338,53.0020802112455&-2.268115103231878,53.00211982977865&-2.2679034298542433,53.002107585203845&-2.2676121062629875,53.00221501239005&-2.267408910058748,53.0023303954745&-2.267341518203267,53.00233557249135&-2.2672480586158485,53.00237802992464&-2.267214156606201,53.00244088889485&-2.2671893599217583,53.00243447009635&-2.267056119420488,53.0025036594858&-2.2669648904484063,53.00246941791653&-2.2668588349134495,53.00245182912826&-2.266737068499765,53.00245229703225&-2.2664904769249006,53.002542396964316&-2.2664136493096976,53.00254842739625&-2.2663380083128857,53.0025767506761&-2.266038213570596,53.00273203384643&-2.2659394227791267,53.00275433266498&-2.265872446936129,53.0027405924927&-2.2657065075997878,53.00265899943355&-2.264691363275972,53.002207283126836&-2.2644115295131826,53.00210070099561&-2.264184828729867,53.00203035664455&-2.2639935499450985,53.00198772364672&-2.263855404158136,53.00198346034682&-2.2637066317679455,53.00198132869673&-2.2644890665434616,53.003292934016116&-2.2645370097793034,53.00342990388819&-2.2645437762398615,53.00352937650047&-2.264505421758855,53.003682284052644&-2.263975237855817,53.0052824062746&-2.2639242256816203,53.005286167865364&-2.26387969760691,53.005296744595455&-2.263844543859875,53.005315077589614&-2.2638211080285373,53.005348217975296&-2.260610168610526,53.004942425030976&-2.2614494477960534,53.002514374749666&-2.2615075972767897,53.00241945466928&-2.261607324793772,53.00231081576871&-2.261879895948738,53.00218901728084&-2.2635929796733194,53.001797603387615&-2.2637066317679455,53.00198132869673&-2.263855404158136,53.00198346034682&-2.2639935499450985,53.00198772364672&-2.264184828729867,53.00203035664455&-2.2644115295131826,53.00210070099561&-2.264691363275972,53.002207283126836&-2.2657065075997878,53.00265899943355&-2.265872446936129,53.0027405924927&-2.2659394227791267,53.00275433266498&-2.266038213570596,53.00273203384643&-2.2663380083128857,53.0025767506761&-2.2664136493096976,53.00254842739625&-2.2664904769249006,53.002542396964316&-2.266737068499765,53.00245229703225&-2.2668588349134495,53.00245182912826&-2.2669648904484063,53.00246941791653&-2.267056119420488,53.0025036594858&-2.2671893599217583,53.00243447009635&-2.267214156606201,53.00244088889485&-2.2672480586158485,53.00237802992464&-2.267341518203267,53.00233557249135&-2.267408910058748,53.0023303954745&-2.2676121062629875,53.00221501239005&-2.2679034298542433,53.002107585203845&-2.2673069476992396,53.00179247142091&-2.2672200648243006,53.00171682462326&-2.2671960334005803,53.00160224171901&-2.267268127690869,53.00146318439383&-2.2672958562655765,53.001444272562566&-2.2674881077127793,53.00136083790903&-2.267663721999952,53.00129520253719&-2.2677210277247184,53.001289640212775&-2.2678855505973274,53.00132078922147&-2.2681152247938883,53.00135005220332&-2.268242837837562,53.00128605461467&-2.2688758288381905,53.000830772678', '-2.270133965541163,53.00140781094768', '#cadc67'),
(4, 9, 'Lindsay Cafe Bar', 'Running Routes A, Starts & Finishes outside Lindsay Cafe Bar', '0.5 miles (0.8 km)', '-2.275743073019356,52.99949775536456&-2.275986902279186,52.99950772811022&-2.2765161242594445,52.99957770100798&-2.2765983140181163,52.999680247220596&-2.276592650508263,52.99990708187019&-2.276773218863866,53.0002787490769&-2.2764031647348872,53.001366965139596&-2.2762875631736392,53.0014588949156&-2.2760439741624907,53.001593062343375&-2.2754579908289827,53.00130669867099&-2.275292206258456,53.00126405520936&-2.2751132719148472,53.001242745955096&-2.2738839101472195,53.00139372507397&-2.273219677446633,53.00144251510943&-2.2729988542465094,53.00137976132771&-2.2723793225293036,53.00095524802575&-2.2718149965916155,53.00081866460036&-2.271287474523348,53.00076329281589&-2.27120773281996,53.00075221845444&-2.2714655951619136,53.00046048864593&-2.2716518339858283,53.00036052517288&-2.272135048241722,53.000051545696806&-2.272190416545783,52.99989099667357&-2.2722998656290088,52.999756525467944&-2.2726773767613224,52.99933848804085&-2.273798811791778,52.999580828932835&-2.2751075170434376,52.99986254866738&-2.2752283206208688,52.999656560227976&-2.275283688924958,52.99958385818883&-2.275369258109947,52.99953236083263&-2.2755353629952424,52.9994838926861&-2.275743073019356,52.99949775536456', '-2.275743073019356,52.99949775536456', '#569db5'),
(5, 9, 'Forest of Light', 'Starts & Finishes by the Forest of Light', '7.5 mile (12.0 km)', '-2.271472649996639,53.00202876851114&-2.271298893110327,53.00219484135991&-2.2708762049413167,53.002510435492155&-2.2708247040157516,53.00260780301815&-2.2706102800935923,53.00274170782407&-2.2705304418078924,53.002797868066665&-2.2710970695783317,53.00307215493669&-2.271480886530611,53.003307684798074&-2.271492595365629,53.00333942254838&-2.2714194144382134,53.00337465291264&-2.271404778250286,53.00340812173309&-2.2714223416733716,53.003446875068335&-2.271291329695117,53.00348583550641&-2.2705946913596335,53.00374394148298&-2.2702634635521406,53.003879639611625&-2.2701906809950856,53.003924653895695&-2.27008352887961,53.00402441511926&-2.269985870666005,53.00417966319881&-2.2699535228889545,53.004586003853916&-2.2699208698156497,53.00471138140392&-2.2698480872418827,53.004818440264614&-2.269776725911271,53.00489550313603&-2.269675141801912,53.004974823800154&-2.269517309736557,53.00505756672928&-2.2691855191131935,53.00517392334086&-2.268038376348187,53.00547690178675&-2.2676211558239174,53.00555599245061&-2.2673144515271986,53.00563822007612&-2.26722942459196,53.00568572929916&-2.267144397656722,53.005691211125736&-2.2670593707214834,53.00565649285633&-2.2666679894974493,53.00562556973372&-2.266367358549644,53.00562191517719&-2.2661335345123064,53.00560455602587&-2.2658364981145382,53.00556800410686&-2.2655954057010206,53.005579567998836&-2.2654852864155544,53.0055890962189&-2.26543112797512,53.00562273661595&-2.2653190663355645,53.005894930667324&-2.2650400405621838,53.00675383124724&-2.264996792196314,53.006924165795965&-2.2650675620903655,53.007018795824195&-2.265047903779248,53.00707320799975&-2.264996792196314,53.00712288861999&-2.2648906373391355,53.00714654603877&-2.263604983843095,53.00719859223639&-2.26253994486396,53.00724320924027&-2.26189091079695,53.00725510004031&-2.2618869791379552,53.007302414720016&-2.2613092575230667,53.00734212141106&-2.260905802897838,53.00735232767596&-2.260600305371014,53.00735753021078&-2.2604263529610193,53.007332150296406&-2.258730790788178,53.00692624783318&-2.2581824460202995,53.006842740642924&-2.2572464870859505,53.00673639786203&-2.2566156235826895,53.006669500682904&-2.255909040458164,53.00662983970784&-2.2551522825180257,53.00664897475116&-2.2547515339730637,53.006682290088634&-2.253741938095118,53.00681793512385&-2.253489940932809,53.00688841178402&-2.2533018301249683,53.00698024476816&-2.2532130987374046,53.00705285680863&-2.253166958409423,53.00712760437298&-2.2531421136185372,53.00720021617002&-2.2531563106481656,53.007345439393134&-2.2532175940220043,53.00759530746865&-2.253319161852687,53.007804602220745&-2.2534741973097994,53.008013891466845&-2.25371554669627,53.008221044069245&-2.2539214035452915,53.00836199269705&-2.254187597722648,53.008520025458296&-2.254719737718858,53.008762950789276&-2.25508176182052,53.0088825420919&-2.2573833504061156,53.009498336109516&-2.257541268657633,53.009554541075346&-2.2577878154683333,53.00966493553014&-2.25794281130635,53.00977720464678&-2.2580689515452264,53.009896223044535&-2.2581702479379544,53.01002779015451&-2.2582318846406224,53.01015284498607&-2.258253400726346,53.01027102635146&-2.258250533892806,53.01040125512071&-2.2581990580878823,53.01061865856704&-2.258142080275661,53.01075510487345&-2.257811198995853,53.011262173722116&-2.2573266265929135,53.011928937611145&-2.256927361542921,53.01241141729102&-2.2564827585486,53.012879123558406&-2.2560002897556046,53.0133457413626&-2.2558488096239273,53.013483372403925&-2.255737467437399,53.013614192861155&-2.2553034390214464,53.014039230318275&-2.2549831329196763,53.01449038424869&-2.254892079628803,53.014669790465376&-2.254970868755663,53.01475638628446&-2.254936442081629,53.01485088198393&-2.2570797882883085,53.015163759075136&-2.257681121988867,53.01518436943428&-2.257873836584565,53.01519204038968&-2.26156673895278,53.01516646287254&-2.262600130339848,53.015087483765484&-2.2628620790849823,53.0150541251993&-2.263138104452338,53.0150019576694&-2.263436398201833,53.014970512609494&-2.2638502597096704,53.014955287311835&-2.2656569575689787,53.01502079840532&-2.269075904452933,53.01510456008697&-2.2706235565467523,53.01511755191771&-2.271103356521479,53.015062328022736&-2.2718101736361973,53.01494704311625&-2.272727379304456,53.01490214026907&-2.2730086078751697,53.01492118312473&-2.27324636598118,53.01496476579504&-2.2740771793146166,53.01514265065305&-2.275586787410049,53.0153671155426&-2.275785907408533,53.015466556016435&-2.2760746483606624,53.01546622597715&-2.278526837131608,53.01604428359977&-2.2789162368912343,53.01617892866875&-2.279600646705262,53.01656950801302&-2.280080910997384,53.016310118360394&-2.280336670763006,53.01621011593181&-2.2806202979953696,53.0161341321205&-2.2808943348912862,53.016080210975844&-2.2827066476642983,53.015807177058946&-2.283605671621757,53.01567725774848&-2.2848227880716934,53.01548320490508&-2.2851603931981117,53.01542793430684&-2.2858381360796898,53.01523321065491&-2.2859929794639697,53.01516684912579&-2.2871242857625873,53.01456337187031&-2.2885047042739473,53.01409648739528&-2.2888587180194406,53.01395611000555&-2.2890186070517586,53.01385379560381&-2.2891403375953985,53.01373652460495&-2.2898780499544102,53.01285449697116&-2.290092412162636,53.01263880448539&-2.2911520523894353,53.01210631424692&-2.2911110625644255,53.01164039643524&-2.2909739538387726,53.01118582604022&-2.2908495596849434,53.0109633729148&-2.290694023762967,53.01074686875424&-2.2895870328538024,53.00973364100798&-2.2893655475731407,53.00957981913817&-2.2885908218216002,53.00921614116197&-2.2883546972528848,53.00898306576795&-2.288041910191481,53.008404575043926&-2.2877503612415637,53.00803352157686&-2.2876081472574867,53.00772232412302&-2.2872794298987174,53.00720036459157&-2.2867894719065305,53.005361715088185&-2.2867956963816027,53.005100839802026&-2.28692513500431,53.00455013196384&-2.2869425520349864,53.00448097562261&-2.286962925859285,53.00425788362418&-2.2869859592585726,53.00381077705151&-2.2870428054841625,53.003733730488875&-2.286876842408418,53.00366760734781&-2.287406868462341,53.003119410948614&-2.287603431117276,53.0029443594556&-2.28813827423798,53.002567975019474&-2.2886367379967396,53.00217398106946&-2.2890740133107386,53.00175051194216&-2.2891728125687507,53.00162273425141&-2.2891754048746975,53.00157368588813&-2.289161663655989,53.00136232036894&-2.2890774097256497,53.001166380482886&-2.288833042070223,53.000861018808905&-2.288531378148832,53.00057108333988&-2.284941077925822,52.99806456596602&-2.27927009850589,52.9953893332067&-2.276832605608149,52.99422175808152&-2.2739710047490007,52.99771295914866&-2.272886265243528,52.99907724051707&-2.2727991868785296,52.99908106020095&-2.272582496874122,52.999076912398834&-2.2724123156509677,52.99904543231668&-2.271617663098368,52.99879922814455&-2.2712136509065886,52.99888627248711&-2.271093129083738,52.99898908643539&-2.270879466326221,52.999199611502206&-2.270675305350011,52.99936436793331&-2.270547649831599,52.999310749314446&-2.2702439343196374,52.99957393742986&-2.2698467367054604,52.999413007886346&-2.269842955191905,52.99941411474555&-2.2697489590827615,52.99936803810195&-2.269468055935846,52.99922596452885&-2.269337740218049,52.99919377959711&-2.2691695378290717,52.99912146052904&-2.269032897124532,52.99904574320874&-2.2689411997919535,52.998992070863665&-2.268705087509602,52.99880292068514&-2.2685622171733826,52.998669139922754&-2.2683949163395596,52.99853888033752&-2.2682616801806432,52.998473298842214&-2.268222893206712,52.99869615051065&-2.2681969656993033,52.998824582645796&-2.2682296591540307,52.99895526617718&-2.2682992478393658,52.999088298469786&-2.2684650414371106,52.99920917210767&-2.268683909960714,52.9993180245572&-2.2691298721262,52.99964519808728&-2.2693014461357564,52.999928961368454&-2.269514624577397,53.0002218397334&-2.2699025194309,53.000491867891014&-2.2705854245531327,53.0005993484433&-2.2707420963746756,53.000847239042514&-2.271205180095194,53.00076467750429&-2.271296284157131,53.00076848185819&-2.2718251593174728,53.000824728639486&-2.2723739625867267,53.00095749174906&-2.273000498089459,53.00138226747532&-2.273218868669801,53.00145066652266&-2.273891581092869,53.00139396228212&-2.275123222258145,53.00123653076838&-2.2753063617472833,53.00126224232494&-2.2754536574071835,53.00130378002595&-2.2760417109598734,53.00159492147739&-2.2764046592655234,53.001712899427986&-2.2767847025995707,53.001773703600435&-2.277441991342613,53.00183393254895&-2.2772742277981877,53.00225147120801&-2.2772069615533326,53.002371198063685&-2.277287110434287,53.00261121119732&-2.2772581996489976,53.00273873465807&-2.277173272576505,53.00289338360389&-2.276944107406166,53.00309798677566&-2.276548894955397,53.00336291482293&-2.2761857088969464,53.003515286080074&-2.2753233889243063,53.003936337368316&-2.2749447673071472,53.00414705225165&-2.2748175110947955,53.004185880499705&-2.2745805874209566,53.004219647990425&-2.2742329248127646,53.00420185782622&-2.273936261697088,53.00419522410522&-2.2738320101374825,53.004206848586705&-2.273743324522144,53.004241992000004&-2.2733160020325727,53.004540800983705&-2.273237571524106,53.004580794698626&-2.2731525032444893,53.0046126183849&-2.273008771850101,53.00463495633235&-2.272812453625619,53.00436517950146&-2.272374450260344,53.00396724548304&-2.2718361080535487,53.00355999171799&-2.2716160616662364,53.00345857541825&-2.2716429565752208,53.003404656078374&-2.2716155809164036,53.00335934473651&-2.271554867358958,53.00333820061374&-2.2714988908153657,53.00333575116085&-2.271492595365629,53.00333942254838&-2.271480886530611,53.003307684798074&-2.2710970695783317,53.00307215493669&-2.2705304418078924,53.002797868066665', '-2.271472649996639,53.00202876851114', '#6d389c'),
(6, 9, 'Original Route 1', '', '0.6 miles (1.0 km)', '-2.273225191793614,53.004696194684215&-2.2734477861455105,53.00460952362312&-2.2738798810476055,53.004294354666&-2.2743774448779845,53.004530731599544&-2.2773008981889404,53.00684381241561&-2.2766849086834497,53.00704718858921&-2.2736441779638596,53.0071570974828&-2.272763118175476,53.006400661430916&-2.27194652618104,53.00599334421889&-2.27290279837527,53.00538559394505&-2.273096201745062,53.00516576726682&-2.273182158799642,53.00487481847054&-2.273225191793614,53.004696194684215', '-2.2757835922673166,53.00574253423062', '#401704'),
(7, 9, 'Original Route 2', '', '1.24 miles (2.0 km)', '-2.273048823994543,53.00465873716999&-2.27316462264767,53.00463812703816&-2.27326248066673,53.004602795367646&-2.273345035488603,53.00455704351248&-2.2737701779628594,53.004268196242066&-2.2738412485626327,53.00423678425153&-2.2739391105650852,53.0042200995654&-2.274584128544234,53.00424008316841&-2.27480430908534,53.00420671405985&-2.2749593070929848,53.00416013096327&-2.275332407784248,53.00394316572877&-2.276185214037042,53.00355073812014&-2.276575402475686,53.00338343135962&-2.2769811796809734,53.00311517247661&-2.2771906514914804,53.00293442990292&-2.2786238480868235,53.00325366742837&-2.27991384714835,53.00345516924068&-2.280594162593246,53.00353369408336&-2.281134565507273,53.003652479239605&-2.2815714062541304,53.0041132148267&-2.278356376856607,53.00635895517635&-2.2772043137564424,53.006997583826745&-2.2753230511874847,53.00717926340852&-2.272781538081233,53.007337631219855&-2.2694812394236124,53.007211371890264&-2.26951981231295,53.007124705881864&-2.2698209693656963,53.00684894923606&-2.27069825296428,53.006399856073955&-2.271274217799089,53.0062579389903&-2.2716277499930015,53.00609248189181&-2.272596690086857,53.00550943754129&-2.2728847533524856,53.00535185663111&-2.2730156912018344,53.00513912149532&-2.273133535271313,53.00486335216917&-2.273048823994543,53.00465873716999', '-2.2762574520955354,53.003463144267926', '#7F2F08'),
(8, 9, 'Original Route 3', '', '1.86 miles (3.0 km)', '-2.2695020230711123,53.00206684436381&-2.269818522420195,53.00163230980402&-2.2699246549996133,53.00156387785697&-2.2701306795027563,53.00141159376216&-2.270207868798849,53.00132142182386&-2.2703621133275362,53.0010823085409&-2.270502870281689,53.00094431702587&-2.2707310952490616,53.00085414416665&-2.271060284906099,53.00077695053912&-2.271289244445427,53.00077080233726&-2.2718246445988086,53.000826818922775&-2.272372511553698,53.00095933849511&-2.2729981538965944,53.001381024841265&-2.2732194154653484,53.00144997966726&-2.2738830066406592,53.00139053581833&-2.275107847472242,53.00124311479152&-2.2752940028661612,53.00126380666535&-2.275460166013488,53.00130333414597&-2.2760449287328868,53.00159579754148&-2.2764005275866737,53.00171468448045&-2.2767603138272534,53.00176944343514&-2.2774294261124055,53.001834084240585&-2.2772713821686636,53.00224305182553&-2.277206067796726,53.00237159379253&-2.2772809926083823,53.00260244989008&-2.2772533349602497,53.00273608806157&-2.277174312966821,53.002885881662934&-2.2786524751278137,53.003221681927414&-2.279929470462349,53.00341826360892&-2.2806184539475396,53.00348617339742&-2.281170828683514,53.00359339925737&-2.2816449250480275,53.00372584355105&-2.2818646870435373,53.00396173877692&-2.278327849570559,53.00641242651062&-2.2771891321012845,53.007056185416445&-2.275811472588259,53.007216159991486&-2.2741196100002696,53.007274332456774&-2.2727177810180876,53.00736886247958&-2.2707636968634404,53.007315461420376&-2.2697606640550134,53.00722093128064&-2.269615647267017,53.00714094408016&-2.2695189694038618,53.00695915442836&-2.2697136060022842,53.00681164474199&-2.2706427310265553,53.006358270726395&-2.271190749963722,53.00620926294644&-2.2715487988784844,53.00605257304019&-2.2720044975055487,53.00574898472982&-2.2727618092388298,53.00532266134766&-2.2728931436701885,53.005142926827375&-2.2730028514925777,53.00485509633077&-2.273003648632482,53.00463516119825&-2.272815599113329,53.00436592026114&-2.2725202675378853,53.004081368801195&-2.27237441223582,53.00414130898247&-2.2717688714619158,53.004327275669596&-2.2700228075062796,53.004900866233385&-2.270014290029536,53.00490922764388&-2.269857037616731,53.00502626511826&-2.269624168336719,53.00516083083437&-2.269412374235685,53.00522845988783&-2.2691982087841893,53.005263951823025&-2.268744350504079,53.00536066558527&-2.2682697207911247,53.00542480109735&-2.2682547324861844,53.005417786279764&-2.2691848853046963,53.005171418540414&-2.269511647461229,53.00505566889896&-2.2696686558266777,53.004975403055056&-2.2697758696359642,53.00489273020645&-2.2698464241424006,53.00481924869206&-2.2699224059194876,53.004714741434015&-2.2699532695885694,53.004581330423434&-2.2699875481270624,53.00417795985959&-2.2700827584282024,53.00402245546687&-2.270185827138988,53.003926021951145&-2.2702618089161035,53.00387866615222&-2.270586828825941,53.00374596688778&-2.271278805692134,53.00349122369792&-2.271421262653405,53.00344366465396&-2.271418109433,53.00337683064791&-2.271455493671482,53.00335047744085&-2.271493946029949,53.00334147878036&-2.2714843329403323,53.00331705383559&-2.2710820662602202,53.00306680522323&-2.2705279277924717,53.0027974707875&-2.2699433736463277,53.002541624271544&-2.2696737300740324,53.002367510730664&-2.269544853019511,53.00226129274594&-2.269502782368164,53.00207407996257&-2.2695020230711123,53.00206684436381', '2.270792380004906,53.00078584394103', '#BF460D'),
(9, 9, 'Original Route 4', '', '3.1 miles (5.0 km)', '-2.2729414440830737,53.004639612585606&-2.2727566038645364,53.00438008059356&-2.272606971324649,53.00422383099556&-2.272321243300752,53.003983304366585&-2.271790927924144,53.00358075817056&-2.2716104886890207,53.00350660451525&-2.2715400733553395,53.003513225386314&-2.2714564551657475,53.00350395617366&-2.2714190470307187,53.00349203860955&-2.271322225985216,53.003514549560435&-2.2706404080973357,53.00376708592697&-2.2703126899335473,53.00390025774402&-2.270142096752352,53.00404022241972&-2.2700544826824967,53.0041867139596&-2.270029557167618,53.00459803681167&-2.270001779905442,53.004726185538715&-2.2699076352915313,53.004838332509195&-2.2698302388531886,53.0049114595227&-2.2697283884509147,53.00499874858107&-2.269580242421739,53.00508046583428&-2.2692191364891414,53.00520304142901&-2.2680926093921983,53.005503907324055&-2.267604284848858,53.00556108819157&-2.2673079573936263,53.00563755354662&-2.2672509936090535,53.00567944063101&-2.2671800069800554,53.00569058373301&-2.2671151930891824,53.005681297814874&-2.267059638330352,53.00565344006847&-2.2666676686244784,53.0056255822941&-2.266368604680082,53.00562075221569&-2.2661278673806464,53.00560032317006&-2.265825402584227,53.00556317942787&-2.265590838039458,53.005578036936555&-2.2654951871679145,53.005583790036894&-2.265424200538945,53.00562093376138&-2.2652760545097976,53.006018369596774&-2.2651495131054276,53.006003512249634&-2.265192722354982,53.00587165305072&-2.2652328452437303,53.005600504715886&-2.265192722354982,53.005550360659555&-2.2640538497652187,53.005407356914134&-2.264010640515721,53.00542592885628&-2.2639514143536132,53.00543493727099&-2.2638958595947543,53.00542750849266&-2.26384647759059,53.005405222159936&-2.263824872965813,53.005375507038394&-2.2638217865884656,53.00534579189642&-2.2606104499725177,53.00493948947516&-2.2614496464918545,53.002511763255&-2.2615057919485935,53.00241994273668&-2.261604391719402,53.002310400137134&-2.2617515329316973,53.00224102300945&-2.261881988034105,53.00218716437186&-2.263588499983854,53.00179439961849&-2.2644889883792416,53.00329739806011&-2.2645327909859247,53.003429823849046&-2.264542153750824,53.003536106397945&-2.264506754668588,53.00369666812213&-2.2639746612340446,53.00527960364337&-2.2640323817564934,53.00529697006246&-2.2640708621391923,53.00531723087721&-2.2652204629018513,53.005473528238156&-2.265282993497948,53.00545037311102&-2.26535015317603,53.00543769678245&-2.2654319239376832,53.00545506313793&-2.2654848344381264,53.00547821826257&-2.2658311576761037,53.00555926110874&-2.2661486206528423,53.00559688809108&-2.2661486206528423,53.00559688809108&-2.2666729155834275,53.00562293752955&-2.2670432890606094,53.005573733030104&-2.267094869574464,53.00554084772301&-2.267171830288305,53.00552058702098&-2.2672439809800267,53.005535058955275&-2.26729689148047,53.005549530884764&-2.2675999243137426,53.00553795334315&-2.2679799181723013,53.00543086090727&-2.2694545480708825,53.005011604691134&-2.2695940393549847,53.00492766638823&-2.26968543021232,53.00485820008333&-2.2697623909519393,53.00478583923635&-2.26982973157007,53.00469611160648&-2.2698682119269904,53.00457743930167&-2.2698970722140075,53.00416931985342&-2.2699953180380987,53.004008697767375&-2.2701107591346386,53.00389291807096&-2.2701877198484226,53.0038350281024&-2.2706735343963658,53.00364977969073&-2.271318080445525,53.00342400710599&-2.271342401316673,53.00337847419942&-2.271366558821967,53.00334628464432&-2.271325531526884,53.00331910001273&-2.2708199493613677,53.00304393004794&-2.2708699899093006,53.00300343318739&-2.270504767636595,53.00281993219616&-2.270343031760831,53.00274655881117&-2.269915098723345,53.00255757183152&-2.2696321107544293,53.002380006394105&-2.269503388046104,53.0022716228174&-2.269460249629333,53.00207224973724&-2.2697764285514666,53.00162284525675&-2.269890313965078,53.00155223300288&-2.270088750637882,53.00139023973563&-2.2701571475819264,53.001313297262925&-2.270315896931237,53.00107342107498&-2.2704711952057153,53.00093011777949&-2.270721398000859,53.00083042825136&-2.271196622913777,53.000743610080036&-2.271293252953342,53.00074464850536&-2.2718333457443975,53.00080072399584&-2.2724062238318936,53.00093675870997&-2.2730277621466257,53.001361474875694&-2.2732206153764025,53.001425001521426&-2.27386291249303,53.001366730341715&-2.2751035731070886,53.0012161044406&-2.275309456641594,53.00124115628151&-2.2754759712999544,53.001286307761546&-2.276071690126628,53.00157874317537&-2.276420949918645,53.001689905954066&-2.2767908343926138,53.00175112264253&-2.2774419464606694,53.001811180654926&-2.27747609632101,53.00181865376223&-2.277356571818217,53.00213812770923&-2.2773171513987904,53.00225569151931&-2.277248851678138,53.00237152327429&-2.277328943037446,53.002610760978314&-2.277297192020569,53.002742658322546&-2.2772333409933196,53.00287537494577&-2.278672111159352,53.00318271583359&-2.2799620513967795,53.003375925704916&-2.280639091629581,53.00345325204566&-2.2811601970045103,53.00354944332909&-2.2819222932019727,53.00416692534026&-2.280475852148186,53.00518018636177&-2.2771561246293572,53.007172658681185&-2.277018213058682,53.00729284255485&-2.275925405282493,53.00727341651438&-2.27519857650924,53.007336538105704&-2.2736924674330794,53.007440237661655&-2.2727602725712472,53.007489924039305&-2.2709844126217718,53.007426802672285&-2.2690744761246435,53.00730444470747&-2.269207692615396,53.007082794999974&-2.269612318945434,53.0067446405518&-2.2705339677893903,53.006293763829376&-2.2711184280215946,53.00615399108901&-2.2714706027817897,53.00600520025614&-2.2719201875974306,53.00571663475387&-2.272422223942783,53.00543257620603&-2.272647016350561,53.005283782886494&-2.2727818917872185,53.005121462314946&-2.272894287991136,53.004846417734484&-2.2729414440830737,53.004639612585606', '-2.2622878859817774,53.005039643215554', '#FF5D11'),
(10, 9, 'Horwood', 'Running Route B, Starts & Finishes at the Post Box on Keele Hall Road by Horwood', '1.75 miles (2.8 km)', '-2.270133965541163,53.00140781094768&-2.2690602724859446,53.00082586499454&-2.2691561194726546,53.000755365875705&-2.269125575525692,53.00063663674317&-2.269089959163807,53.00056581081816&-2.2690278809502047,53.00048521234302&-2.269509476091031,53.000226137083956&-2.269157493074232,53.00011193251552&-2.2690126897702783,52.99999554051544&-2.2686137300204052,52.99992242794437&-2.268241488104934,52.999691793497306&-2.267551929953271,52.99957070218977&-2.267377345374399,52.99945477848755&-2.2671803287627483,52.99898932937276&-2.2671922349466342,52.99858699780583&-2.2668627427265164,52.998226614551584&-2.2666142888118657,52.99814026647471&-2.2661173809825357,52.997746432829075&-2.2659617353160115,52.9974049999104&-2.266092668620331,52.99693656230906&-2.2660580105909958,52.99676302949936&-2.26611262457331,52.996618357845165&-2.2657506813320083,52.99650470207561&-2.265329725593432,52.99628922885233&-2.26491663819462,52.99597904023463&-2.2645661158929897,52.99561327705217&-2.264432476639115,52.995324061054134&-2.264510405041108,52.99501705486654&-2.264453729841364,52.99489979497977&-2.2642325035939166,52.994698305265985&-2.264231485918174,52.994641953473206&-2.2644341960865972,52.99451305324865&-2.264508151467936,52.99449338466229&-2.264718503211242,52.99445738829027&-2.2648939322477872,52.99447395132364&-2.2651039242746833,52.99471681363812&-2.2650628240591573,52.995171506638684&-2.2651592019949476,52.995271919128015&-2.265180926790123,52.99548612357975&-2.2652683435528047,52.99559441830817&-2.2656461258892193,52.995881860396764&-2.2659446770701663,52.99606826174991&-2.2662015637147874,52.99618214334518&-2.2664195182984486,52.9963160860965&-2.2670118261084724,52.99662308703628&-2.2673730208156258,52.99698449014585&-2.2672899883372395,52.99702651345504&-2.2672656689962025,52.997116013703874&-2.2672203785588465,52.997218232183&-2.267446335873643,52.99767434012273&-2.2674605198669155,52.997810925435516&-2.267446416206411,52.99802262092072&-2.2679852242719107,52.99837282622241&-2.2682593190418743,52.99847177628911&-2.2681976695584183,52.99882021956003&-2.2682287761182636,52.99895413390237&-2.268298315906435,52.999087198754125&-2.268468682104526,52.999210508966456&-2.268680061859868,52.99931560003495&-2.269129395921823,52.999642893169835&-2.2693020449198116,52.99993136160876&-2.269509476091031,53.000226137083956&-2.2690278809502047,53.00048521234302&-2.269089959163807,53.00056581081816&-2.269125575525692,53.00063663674317&-2.2691561194726546,53.000755365875705&-2.2690602724859446,53.00082586499454&-2.270133965541163,53.00140781094768', '-2.2691561194726546,53.000755365875705', '#0c6f38'),
(11, 9, 'Lindsay Cafe Bar', 'Running Route B, Starts & Finishes outside Lindsay Cafe Bar', '2 miles (3.2 km)', '-2.275743073019356,52.99949775536456&-2.275986902279186,52.99950772811022&-2.2765161242594445,52.99957770100798&-2.2765983140181163,52.999680247220596&-2.276592650508263,52.99990708187019&-2.276773218863866,53.0002787490769&-2.2764031647348872,53.001366965139596&-2.2762875631736392,53.0014588949156&-2.2760439741624907,53.001593062343375&-2.2763991291301693,53.00170915913185&-2.276778962828189,53.001773757939816&-2.277431285944317,53.00183090296068&-2.2791240232280643,53.002025234957046&-2.280650495727798,53.00216872510234&-2.28081567311105,53.00217532991374&-2.2824683481994725,53.00231756286462&-2.284286818402478,53.002414669994465&-2.2851437849593594,53.00254142198392&-2.2856598659804774,53.00274698710763&-2.2869943130753256,53.00352154986612&-2.2873997608261334,53.00311781660554&-2.287620487853104,53.002929644247416&-2.288134749445163,53.00256327596111&-2.288625253962266,53.002175856426106&-2.2890851019624563,53.001736776750874&-2.289170940252518,53.001611324593455&-2.2891525463226685,53.00134566000958&-2.289065882762827,53.00115758129422&-2.2888267618060354,53.0008587053714&-2.2885079338691128,53.00055244765565&-2.285480376923232,52.998406979264445&-2.2849433705866034,52.99806638449354&-2.2768277672152806,52.99423534112813&-2.2726969475462226,52.999299232896675&-2.2738150782591617,52.99957513220224&-2.2751039644315085,52.999864856792186&-2.2752243016585396,52.99966483049653&-2.2752857965767532,52.99958991007023&-2.2753697896314407,52.99953665331384&-2.2755348202467474,52.999490909507784&-2.275743073019356,52.99949775536456', '-2.2869943130753256,53.00352154986612', '#262548'),
(12, 9, 'Forest of Light', 'Starts & Finishes by the Forest of Light', '6.5 miles (Optional Route)', '-2.2707420963746756,53.000847239042514&-2.2705110612428996,53.00093794697332&-2.2703576498890357,53.00108128412495&-2.2702056371149126,53.001321975161034&-2.2701385211632896,53.001406766176615&-2.2699310094290013,53.00156080182876&-2.2698342782101406,53.00162169420142&-2.269503203546094,53.00206943905147&-2.2695451821072368,53.00225135644425&-2.269661039558315,53.00235922700796&-2.2699366762266493,53.00253332565728&-2.2705304418078924,53.002797868066665', '-2.2695451821072368,53.00225135644425', '#b289d6');

--
-- Indexes for dumped tables
--

--
-- Indexes for table `category_tbl`
--
ALTER TABLE `category_tbl`
  ADD PRIMARY KEY (`cat_ID`);

--
-- Indexes for table `event_sub`
--
ALTER TABLE `event_sub`
  ADD PRIMARY KEY (`esub_ID`),
  ADD KEY `esubLocation` (`loc_ID`);

--
-- Indexes for table `event_tbl`
--
ALTER TABLE `event_tbl`
  ADD PRIMARY KEY (`event_ID`),
  ADD KEY `eventLocation` (`loc_ID`);

--
-- Indexes for table `location_sub`
--
ALTER TABLE `location_sub`
  ADD PRIMARY KEY (`lsub_ID`),
  ADD KEY `lsubCategory` (`cat_ID`);

--
-- Indexes for table `location_tbl`
--
ALTER TABLE `location_tbl`
  ADD PRIMARY KEY (`loc_ID`),
  ADD KEY `locCategory` (`cat_ID`);

--
-- Indexes for table `runroute_sub`
--
ALTER TABLE `runroute_sub`
  ADD PRIMARY KEY (`rrsub_ID`),
  ADD KEY `runrouteCategory` (`cat_ID`);

--
-- Indexes for table `runroute_tbl`
--
ALTER TABLE `runroute_tbl`
  ADD PRIMARY KEY (`rr_ID`),
  ADD KEY `rrCategory` (`cat_ID`);

--
-- AUTO_INCREMENT for dumped tables
--

--
-- AUTO_INCREMENT for table `category_tbl`
--
ALTER TABLE `category_tbl`
  MODIFY `cat_ID` int(11) NOT NULL AUTO_INCREMENT, AUTO_INCREMENT=10;
--
-- AUTO_INCREMENT for table `event_sub`
--
ALTER TABLE `event_sub`
  MODIFY `esub_ID` int(11) NOT NULL AUTO_INCREMENT, AUTO_INCREMENT=7;
--
-- AUTO_INCREMENT for table `event_tbl`
--
ALTER TABLE `event_tbl`
  MODIFY `event_ID` int(11) NOT NULL AUTO_INCREMENT, AUTO_INCREMENT=10;
--
-- AUTO_INCREMENT for table `location_sub`
--
ALTER TABLE `location_sub`
  MODIFY `lsub_ID` int(11) NOT NULL AUTO_INCREMENT, AUTO_INCREMENT=10;
--
-- AUTO_INCREMENT for table `location_tbl`
--
ALTER TABLE `location_tbl`
  MODIFY `loc_ID` int(11) NOT NULL AUTO_INCREMENT, AUTO_INCREMENT=62;
--
-- AUTO_INCREMENT for table `runroute_sub`
--
ALTER TABLE `runroute_sub`
  MODIFY `rrsub_ID` int(11) NOT NULL AUTO_INCREMENT, AUTO_INCREMENT=7;
--
-- AUTO_INCREMENT for table `runroute_tbl`
--
ALTER TABLE `runroute_tbl`
  MODIFY `rr_ID` int(11) NOT NULL AUTO_INCREMENT, AUTO_INCREMENT=17;
--
-- Constraints for dumped tables
--

--
-- Constraints for table `event_sub`
--
ALTER TABLE `event_sub`
  ADD CONSTRAINT `esubLocation` FOREIGN KEY (`loc_ID`) REFERENCES `location_tbl` (`loc_ID`) ON DELETE CASCADE;

--
-- Constraints for table `event_tbl`
--
ALTER TABLE `event_tbl`
  ADD CONSTRAINT `eventLocation` FOREIGN KEY (`loc_ID`) REFERENCES `location_tbl` (`loc_ID`) ON DELETE CASCADE;

--
-- Constraints for table `location_sub`
--
ALTER TABLE `location_sub`
  ADD CONSTRAINT `lsubCategory` FOREIGN KEY (`cat_ID`) REFERENCES `category_tbl` (`cat_ID`) ON DELETE CASCADE;

--
-- Constraints for table `location_tbl`
--
ALTER TABLE `location_tbl`
  ADD CONSTRAINT `locCategory` FOREIGN KEY (`cat_ID`) REFERENCES `category_tbl` (`cat_ID`);

--
-- Constraints for table `runroute_sub`
--
ALTER TABLE `runroute_sub`
  ADD CONSTRAINT `runrouteCategory` FOREIGN KEY (`cat_ID`) REFERENCES `category_tbl` (`cat_ID`) ON DELETE CASCADE ON UPDATE NO ACTION;

--
-- Constraints for table `runroute_tbl`
--
ALTER TABLE `runroute_tbl`
  ADD CONSTRAINT `rrCategory` FOREIGN KEY (`cat_ID`) REFERENCES `category_tbl` (`cat_ID`) ON DELETE CASCADE;

/*!40101 SET CHARACTER_SET_CLIENT=@OLD_CHARACTER_SET_CLIENT */;
/*!40101 SET CHARACTER_SET_RESULTS=@OLD_CHARACTER_SET_RESULTS */;
/*!40101 SET COLLATION_CONNECTION=@OLD_COLLATION_CONNECTION */;
